{
  "$schema" : "http://json-schema.org/draft-06/schema#",
  "$id" : "http://schema.infor.com/json-schema/HOLMATRO_PLM_CSV.json",
  "title" : "HOLMATRO_PLM_CSV",
  "description" : "This schema defines the CSV file as exported by one of the Homatro's PLM systems",
  "type" : "object",
  "dialect" : {
    "separator" : ";",
    "skipLines" : 0,
    "headerLine" : 0
  },
  "properties" : {
    "Import" : {
      "type" : "string",
      "description" : "This column defines the record type: BOM header or BOM lin",
      "x-position" : 1,
      "enum" : [ "IH", "IL" ],
      "minLength" : 2,
      "maxLength" : 2
    },
    "Product" : {
      "type" : "string",
      "description" : "This column defines the main item of the BOM.",
      "x-position" : 2,
      "maxLength" : 47
    },
    "Description" : {
      "type" : "string",
      "description" : "This defines the description of the item (revision)",
      "x-position" : 3,
      "maxLength" : 75
    },
    "Project" : {
      "type" : "string",
      "description" : "This defines the project code",
      "x-position" : 4,
      "maxLength" : 9
    },
    "BOM_Quantity" : {
      "type" : "number",
      "description" : "The quantity of the BOM",
      "x-position" : 5,
      "maximum" : 9
    },
    "Unit" : {
      "type" : "string",
      "description" : "This is the unit linked to the quantity.",
      "x-position" : 6,
      "maxLength" : 6
    },
    "Item_Group" : {
      "type" : "string",
      "description" : "This is the item group of LN",
      "x-position" : 7,
      "maxLength" : 10
    },
    "Item_Type" : {
      "type" : "string",
      "description" : "Contains the Item Type Product or Cost",
      "x-position" : 8,
      "enum" : [ "Product", "Cost" ],
      "maxLength" : 10
    },
    "Revision" : {
      "type" : "string",
      "description" : "This contains a revision",
      "x-position" : 9,
      "maxLength" : 12
    },
    "Effective_Date" : {
      "type" : "string",
      "description" : "This is the effective date of the revision",
      "x-position" : 10,
      "x-dateTimeFormat" : "DDMMYY"
    },
    "Material" : {
      "type" : "string",
      "description" : "This is the BOM item line",
      "x-position" : 11,
      "maxLength" : 47
    },
    "Lenght" : {
      "type" : "number",
      "description" : "Contains the length of the material",
      "x-position" : 12,
      "maximum" : 99
    },
    "Net_Quantity" : {
      "type" : "number",
      "description" : "Contains the quantity of the material in the BOM",
      "x-position" : 13,
      "maximum" : 9
    }
  }
}