{"$schema":"http://json-schema.org/draft-06/schema#","$id":"http://schema.infor.com/json-schema/HOLMATRO_PLM_JSON_ARRAY_V2.json","title":"HOLMATRO_PLM_JSON_ARRAY_V2","description":"This schema has an array of products (main items), and a sub array of materials (sub items). Some main items have no materials; thes are indviduals items. Main items having materials are BOM lines.","type":"object","properties":{"Products":{"type":"array","x-position":1,"items":{"type":"object","properties":{"Import":{"type":"string","x-position":1,"maxLength":25},"Product":{"type":"string","x-position":2,"maxLength":25},"Description":{"type":"string","x-position":3,"maxLength":50},"Project":{"type":"string","x-position":4,"maxLength":25},"BOM_Quantity":{"type":"string","x-position":5,"maxLength":25},"Unit":{"type":"string","x-position":6,"maxLength":25},"Item_Group":{"type":"string","x-position":7,"maxLength":25},"Item_Type":{"type":"string","x-position":8,"maxLength":25},"Revision":{"type":"string","x-position":9,"maxLength":25},"Effective_Date":{"type":"string","x-position":10,"maxLength":25},"Materials":{"type":"array","x-position":11}}}}}}