{"$schema":"http://json-schema.org/draft-06/schema#","$id":"http://schema.infor.com/json-schema/AzurePLM.json","title":"AzurePLM","type":"object","properties":{"response":{"type":"object","x-position":1,"properties":{"headers":{"type":"object","x-position":1,"properties":{"server":{"type":"array","x-position":1,"items":{"type":"string"}},"x-ms-lease-status":{"type":"array","x-position":2,"items":{"type":"string"}},"x-ms-lease-state":{"type":"array","x-position":3,"items":{"type":"string"}},"x-frame-options":{"type":"array","x-position":4,"items":{"type":"string"}},"x-ms-blob-type":{"type":"array","x-position":5,"items":{"type":"string"}},"last-modified":{"type":"array","x-position":6,"items":{"type":"string"}},"content-md5":{"type":"array","x-position":7,"items":{"type":"string"}},"x-ms-creation-time":{"type":"array","x-position":8,"items":{"type":"string"}},"x-ms-permissions":{"type":"array","x-position":9,"items":{"type":"string"}},"cache-control":{"type":"array","x-position":10,"items":{"type":"string"}},"Content-Length":{"type":"array","x-position":11,"items":{"type":"string"}},"x-ms-request-id":{"type":"array","x-position":12,"items":{"type":"string"}},"x-ms-owner":{"type":"array","x-position":13,"items":{"type":"string"}},"Content-Type":{"type":"array","x-position":14,"items":{"type":"string"}},"x-ms-group":{"type":"array","x-position":15,"items":{"type":"string"}},"x-ms-version":{"type":"array","x-position":16,"items":{"type":"string"}},"Connection":{"type":"array","x-position":17,"items":{"type":"string"}},"x-ms-resource-type":{"type":"array","x-position":18,"items":{"type":"string"}},"pragma":{"type":"array","x-position":19,"items":{"type":"string"}},"strict-transport-security":{"type":"array","x-position":20,"items":{"type":"string"}},"Date":{"type":"array","x-position":21,"items":{"type":"string"}},"x-ms-server-encrypted":{"type":"array","x-position":22,"items":{"type":"string"}},"x-transaction-id":{"type":"array","x-position":23,"items":{"type":"string"}},"x-content-type-options":{"type":"array","x-position":24,"items":{"type":"string"}},"etag":{"type":"array","x-position":25,"items":{"type":"string"}},"accept-ranges":{"type":"array","x-position":26,"items":{"type":"string"}}}},"reasonPhrase":{"type":"string","x-position":2,"maxLength":25},"body":{"type":"string","x-position":3,"maxLength":150},"statusCode":{"type":"integer","x-position":4,"maximum":999}}}}}